Estado,Ingresos_personales_2018
"Autauga, AL",2371211
"Baldwin, AL",10139295
"Barbour, AL",842907
"Bibb, AL",672223
"Blount, AL",2072951
"Bullock, AL",272084
"Butler, AL",704744
"Calhoun, AL",4154359
"Chambers, AL",1139957
"Cherokee, AL",925082
"Chilton, AL",1536627
"Choctaw, AL",488690
"Clarke, AL",847451
"Clay, AL",440623
"Cleburne, AL",535688
"Coffee, AL",2179891
"Colbert, AL",2054230
"Conecuh, AL",397026
"Coosa, AL",331672
"Covington, AL",1309008
"Crenshaw, AL",500398
"Cullman, AL",3276350
"Dale, AL",1785937
"Dallas, AL",1333745
"DeKalb, AL",2294412
"Elmore, AL",3466846
"Escambia, AL",1181944
"Etowah, AL",3745235
"Fayette, AL",562170
"Franklin, AL",1063978
"Geneva, AL",907023
"Greene, AL",251241
"Hale, AL",524442
"Henry, AL",716407
"Houston, AL",4437058
"Jackson, AL",1884993
"Jefferson, AL",35801584
"Lamar, AL",457700
"Lauderdale, AL",3380826
"Lawrence, AL",1114310
"Lee, AL",6230684
"Limestone, AL",4156699
"Lowndes, AL",393111
"Macon, AL",591711
"Madison, AL",18866501
"Marengo, AL",744010
"Marion, AL",960712
"Marshall, AL",3449773
"Mobile, AL",15723309
"Monroe, AL",688619
"Montgomery, AL",9748649
"Morgan, AL",4727652
"Perry, AL",276975
"Pickens, AL",657473
"Pike, AL",1226773
"Randolph, AL",747901
"Russell, AL",1860026
"St. Clair, AL",3513059
"Shelby, AL",11877859
"Sumter, AL",384072
"Talladega, AL",2741781
"Tallapoosa, AL",1633447
"Tuscaloosa, AL",8092333
"Walker, AL",2545706
"Washington, AL",589425
"Wilcox, AL",341705
"Winston, AL",801907
"Aleutian Islands Census Area, AK*",(NA)
"Aleutians East Borough, AK*",192045
"Aleutians West Census Area, AK*",305957
"Anchorage Municipality, AK",19242734
"Bethel Census Area, AK*",815785
"Bristol Bay Borough, AK",121728
"Chugach Census Area, AK*",(NA)
"Copper River Census Area, AK*",(NA)
"Denali Borough, AK*",171669
"Dillingham Census Area, AK*",292027
"Fairbanks North Star Borough, AK",5544411
"Haines Borough, AK*",171329
"Hoonah-Angoon Census Area, AK*",131543
"Juneau City and Borough, AK",2209874
"Kenai Peninsula Borough, AK*",3007832
"Ketchikan Gateway Borough, AK*",924574
"Kodiak Island Borough, AK",799012
"Kusilvak Census Area, AK*",252848
"Lake and Peninsula Borough, AK*",97694
"Matanuska-Susitna Borough, AK",4998190
"Nome Census Area, AK",514162
"North Slope Borough, AK*",819548
"Northwest Arctic Borough, AK",369048
"Petersburg Borough, AK*",221647
"Prince of Wales-Hyder Census Area, AK*",282127
"Prince of Wales-Outer Ketchikan Census Area, AK*",(NA)
"Sitka City and Borough, AK*",580409
"Skagway Municipality, AK*",92250
"Skagway-Yakutat-Angoon Census Area, AK*",(NA)
"Skagway-Hoonah-Angoon Census Area, AK*",(NA)
"Southeast Fairbanks Census Area, AK*",348140
"Valdez-Cordova Census Area, AK*",558724
"Wrangell City and Borough, AK*",120146
"Wrangell-Petersburg Census Area, AK*",(NA)
"Yakutat City and Borough, AK*",34472
"Yukon-Koyukuk Census Area, AK*",302824
"Aleutian Islands Division, AK*",(NA)
"Angoon Division, AK*",(NA)
"Barrow-North Slope Division, AK*",(NA)
"Bethel Division, AK*",(NA)
"Bristol Bay Division, AK*",(NA)
"Cordova-McCarthy Division, AK*",(NA)
"Haines Division, AK*",(NA)
"Kenai-Cook Inlet Division, AK*",(NA)
"Kuskokwim Division, AK*",(NA)
"Outer Ketchikan Division, AK*",(NA)
"Prince of Wales Division, AK*",(NA)
"Seward Division, AK*",(NA)
"Sitka Division, AK*",(NA)
"Skagway-Yakutat Division, AK*",(NA)
"Southeast Fairbanks Division, AK*",(NA)
"Upper Yukon Division, AK*",(NA)
"Valdez-Chitina-Whittier Division, AK*",(NA)
"Wrangell-Petersburg Division, AK*",(NA)
"Yukon-Koyukuk Division, AK*",(NA)
"Apache, AZ",2399258
"Cochise, AZ",4947982
"Coconino, AZ",6919869
"Gila, AZ",2095880
"Graham, AZ",1166091
"Greenlee, AZ",377009
"La Paz, AZ*",660455
"Maricopa, AZ",209380123
"Mohave, AZ",6992432
"Navajo, AZ",3482241
"Pima, AZ",44699660
"Pinal, AZ",14163408
"Santa Cruz, AZ",1738741
"Yavapai, AZ",9362371
"Yuma, AZ*",7073441
"Arkansas, AR",793208
"Ashley, AR",711280
"Baxter, AR",1518211
"Benton, AR",24404513
"Boone, AR",1322829
"Bradley, AR",415559
"Calhoun, AR",178178
"Carroll, AR",926303
"Chicot, AR",382119
"Clark, AR",791912
"Clay, AR",509005
"Cleburne, AR",941056
"Cleveland, AR",318296
"Columbia, AR",853806
"Conway, AR",789053
"Craighead, AR",4005652
"Crawford, AR",2065368
"Crittenden, AR",1768194
"Cross, AR",579336
"Dallas, AR",250010
"Desha, AR",428836
"Drew, AR",656191
"Faulkner, AR",4747404
"Franklin, AR",584397
"Fulton, AR",342704
"Garland, AR",3913245
"Grant, AR",685170
"Greene, AR",1551987
"Hempstead, AR",686863
"Hot Spring, AR",1032337
"Howard, AR",478604
"Independence, AR",1321949
"Izard, AR",409551
"Jackson, AR",623557
"Jefferson, AR",2347215
"Johnson, AR",761706
"Lafayette, AR",234232
"Lawrence, AR",542091
"Lee, AR",246104
"Lincoln, AR",353594
"Little River, AR",417349
"Logan, AR",720697
"Lonoke, AR",2901587
"Madison, AR",571193
"Marion, AR",503648
"Miller, AR",1445751
"Mississippi, AR",1346368
"Monroe, AR",224616
"Montgomery, AR",265469
"Nevada, AR",276030
"Newton, AR",225334
"Ouachita, AR",874167
"Perry, AR",364987
"Phillips, AR",572515
"Pike, AR",345645
"Poinsett, AR",770891
"Polk, AR",609716
"Pope, AR",2213309
"Prairie, AR",293621
"Pulaski, AR",19568805
"Randolph, AR",597119
"St. Francis, AR",691130
"Saline, AR",5097509
"Scott, AR",321052
"Searcy, AR",216048
"Sebastian, AR",5208676
"Sevier, AR",552200
"Sharp, AR",584637
"Stone, AR",380590
"Union, AR",1694701
"Van Buren, AR",502588
"Washington, AR",9380610
"White, AR",2801442
"Woodruff, AR",237532
"Yell, AR",721667
"Alameda, CA",124671796
"Alpine, CA",85025
"Amador, CA",1660611
"Butte, CA",9718118
"Calaveras, CA",2126248
"Colusa, CA",986398
"Contra Costa, CA",91160536
"Del Norte, CA",967786
"El Dorado, CA",12509360
"Fresno, CA",40504743
"Glenn, CA",1206997
"Humboldt, CA",6029582
"Imperial, CA",6353010
"Inyo, CA",1024203
"Kern, CA",33813117
"Kings, CA",5296250
"Lake, CA",2625869
"Lassen, CA",1072008
"Los Angeles, CA",595765931
"Madera, CA",5815299
"Marin, CA",33770671
"Mariposa, CA",884466
"Mendocino, CA",4155689
"Merced, CA",10148451
"Modoc, CA",381904
"Mono, CA",663504
"Monterey, CA",23001148
"Napa, CA",9657020
"Nevada, CA",5821249
"Orange, CA",210648610
"Placer, CA",25586686
"Plumas, CA",926506
"Riverside, CA",96994918
"Sacramento, CA",78526608
"San Benito, CA",3094215
"San Bernardino, CA",83514331
"San Diego, CA",194949226
"San Francisco, CA",111996017
"San Joaquin, CA",32261357
"San Luis Obispo, CA",15708604
"San Mateo, CA",95143957
"Santa Barbara, CA",26706505
"Santa Clara, CA",207881196
"Santa Cruz, CA",17767743
"Shasta, CA",7976743
"Sierra, CA",127577
"Siskiyou, CA",1868074
"Solano, CA",21899263
"Sonoma, CA",30283557
"Stanislaus, CA",22792301
"Sutter, CA",4168235
"Tehama, CA",2512451
"Trinity, CA",482368
"Tulare, CA",17824523
"Tuolumne, CA",2411046
"Ventura, CA",50711842
"Yolo, CA",11304743
"Yuba, CA",3108945
"Adams, CO*",22068627
"Alamosa, CO",593717
"Arapahoe, CO",39833663
"Archuleta, CO",575691
"Baca, CO",147684
"Bent, CO",156471
"Boulder, CO*",23504502
"Broomfield, CO*",4744227
"Chaffee, CO",927978
"Cheyenne, CO",73745
"Clear Creek, CO",556287
"Conejos, CO",284173
"Costilla, CO",123567
"Crowley, CO",118781
"Custer, CO",199478
"Delta, CO",1121259
"Denver, CO",55200348
"Dolores, CO",74681
"Douglas, CO",24112813
"Eagle, CO",4457400
"Elbert, CO",1525438
"El Paso, CO",34353625
"Fremont, CO",1652790
"Garfield, CO",3425759
"Gilpin, CO",288667
"Grand, CO",812483
"Gunnison, CO",808270
"Hinsdale, CO",37367
"Huerfano, CO",266130
"Jackson, CO",76051
"Jefferson, CO*",36131039
"Kiowa, CO",61196
"Kit Carson, CO",257123
"Lake, CO",279649
"La Plata, CO",3144411
"Larimer, CO",18810826
"Las Animas, CO",548360
"Lincoln, CO",155067
"Logan, CO",967824
"Mesa, CO",6820162
"Mineral, CO",49761
"Moffat, CO",551385
"Montezuma, CO",1093755
"Montrose, CO",1720036
"Morgan, CO",1269997
"Otero, CO",651007
"Ouray, CO",297976
"Park, CO",796088
"Phillips, CO",179668
"Pitkin, CO",2669187
"Prowers, CO",469275
"Pueblo, CO",6326419
"Rio Blanco, CO",300205
"Rio Grande, CO",508748
"Routt, CO",1988338
"Saguache, CO",218867
"San Juan, CO",31918
"San Miguel, CO",682589
"Sedgwick, CO",90535
"Summit, CO",2127656
"Teller, CO",1222881
"Washington, CO",174572
"Weld, CO*",14980012
"Yuma, CO",414532
"Fairfield, CT",108026996
"Hartford, CT",55695477
"Litchfield, CT",11117423
"Middlesex, CT",10733173
"New Haven, CT",46564739
"New London, CT",15017232
"Tolland, CT",8234376
"Windham, CT",5192778
"Kent, DE",7543351
"New Castle, DE",31739200
"Sussex, DE",11867812
"District of Columbia, DC",56395716
"Alachua, FL",11921072
"Baker, FL",933027
"Bay, FL",7938513
"Bradford, FL",928237
"Brevard, FL",27177629
"Broward, FL",97821480
"Calhoun, FL",400011
"Charlotte, FL",7687884
"Citrus, FL",5598283
"Clay, FL",9303548
"Collier, FL",37355366
"Columbia, FL",2446334
"DeSoto, FL",893702
"Dixie, FL",473583
"Duval, FL",43431302
"Escambia, FL",13383957
"Flagler, FL",5243928
"Franklin, FL",430088
"Gadsden, FL",1564139
"Gilchrist, FL",608627
"Glades, FL",332203
"Gulf, FL",595566
"Hamilton, FL",384696
"Hardee, FL",728260
"Hendry, FL",1271143
"Hernando, FL",7019369
"Highlands, FL",3414167
"Hillsborough, FL",67375905
"Holmes, FL",600544
"Indian River, FL",12417377
"Jackson, FL",1577341
"Jefferson, FL",571566
"Lafayette, FL",215252
"Lake, FL",15235024
"Lee, FL",38954271
"Leon, FL",12875766
"Levy, FL",1470754
"Liberty, FL",206641
"Madison, FL",609836
"Manatee, FL",18830193
"Marion, FL",13361441
"Martin, FL",13321520
"Miami-Dade, FL",143041608
"Monroe, FL",7252161
"Nassau, FL",5192630
"Okaloosa, FL",10077483
"Okeechobee, FL",1269405
"Orange, FL",61507576
"Osceola, FL",12785240
"Palm Beach, FL",120535709
"Pasco, FL",22017809
"Pinellas, FL",51615878
"Polk, FL",25178791
"Putnam, FL",2393762
"St. Johns, FL",17835384
"St. Lucie, FL",12862441
"Santa Rosa, FL",8112444
"Sarasota, FL",28148117
"Seminole, FL",22963287
"Sumter, FL",6193965
"Suwannee, FL",1475909
"Taylor, FL",663862
"Union, FL",333662
"Volusia, FL",23192138
"Wakulla, FL",1199317
"Walton, FL",4504861
"Washington, FL",747602
"Appling, GA",626924
"Atkinson, GA",241611
"Bacon, GA",349552
"Baker, GA",112609
"Baldwin, GA",1455427
"Banks, GA",675703
"Barrow, GA",2960006
"Bartow, GA",4055909
"Ben Hill, GA",522168
"Berrien, GA",594812
"Bibb, GA",6136502
"Bleckley, GA",428562
"Brantley, GA",511896
"Brooks, GA",537834
"Bryan, GA",2026172
"Bulloch, GA",2488802
"Burke, GA",790566
"Butts, GA",823815
"Calhoun, GA",150281
"Camden, GA",1926479
"Candler, GA",345591
"Carroll, GA",4523710
"Catoosa, GA",2344143
"Charlton, GA",313514
"Chatham, GA",13555414
"Chattahoochee, GA",313172
"Chattooga, GA",751269
"Cherokee, GA",13150620
"Clarke, GA",4221632
"Clay, GA",93501
"Clayton, GA",7907296
"Clinch, GA",240311
"Cobb, GA",43649065
"Coffee, GA",1365268
"Colquitt, GA",1485810
"Columbia, GA",7642388
"Cook, GA",552348
"Coweta, GA",6886595
"Crawford, GA",415416
"Crisp, GA",723889
"Dade, GA",577369
"Dawson, GA",1146927
"Decatur, GA",948681
"DeKalb, GA",38827056
"Dodge, GA",625014
"Dooly, GA",408359
"Dougherty, GA",3038207
"Douglas, GA",5119087
"Early, GA",369116
"Echols, GA",109983
"Effingham, GA",2595017
"Elbert, GA",676085
"Emanuel, GA",714986
"Evans, GA",358473
"Fannin, GA",945842
"Fayette, GA",7439553
"Floyd, GA",3665617
"Forsyth, GA",14965247
"Franklin, GA",821108
"Fulton, GA",91555622
"Gilmer, GA",1091199
"Glascock, GA",97940
"Glynn, GA",3940686
"Gordon, GA",2003493
"Grady, GA",808153
"Greene, GA",1048977
"Gwinnett, GA",38727144
"Habersham, GA",1550969
"Hall, GA",8979337
"Hancock, GA",250689
"Haralson, GA",1070635
"Harris, GA",1636442
"Hart, GA",980417
"Heard, GA",369819
"Henry, GA",9055129
"Houston, GA",6595483
"Irwin, GA",309008
"Jackson, GA",3026862
"Jasper, GA",524317
"Jeff Davis, GA",443608
"Jefferson, GA",505128
"Jenkins, GA",254916
"Johnson, GA",242138
"Jones, GA",1057659
"Lamar, GA",623204
"Lanier, GA",286714
"Laurens, GA",1766737
"Lee, GA",1375456
"Liberty, GA",2226979
"Lincoln, GA",286713
"Long, GA",522643
"Lowndes, GA",4287533
"Lumpkin, GA",1248384
"McDuffie, GA",767429
"McIntosh, GA",441793
"Macon, GA",388219
"Madison, GA",1090651
"Marion, GA",242652
"Meriwether, GA",721106
"Miller, GA",247463
"Mitchell, GA",750078
"Monroe, GA",1224840
"Montgomery, GA",265405
"Morgan, GA",947354
"Murray, GA",1206786
"Muscogee, GA",8321850
"Newton, GA",3709300
"Oconee, GA",2598798
"Oglethorpe, GA",546858
"Paulding, GA",6273264
"Peach, GA",1012768
"Pickens, GA",1514833
"Pierce, GA",688677
"Pike, GA",743869
"Polk, GA",1360980
"Pulaski, GA",340496
"Putnam, GA",946158
"Quitman, GA",69316
"Rabun, GA",679363
"Randolph, GA",216394
"Richmond, GA",7476060
"Rockdale, GA",3160636
"Schley, GA",166140
"Screven, GA",468114
"Seminole, GA",339020
"Spalding, GA",2252503
"Stephens, GA",957166
"Stewart, GA",139589
"Sumter, GA",1040171
"Talbot, GA",211795
"Taliaferro, GA",52722
"Tattnall, GA",714513
"Taylor, GA",245265
"Telfair, GA",325300
"Terrell, GA",332877
"Thomas, GA",1962168
"Tift, GA",1499681
"Toombs, GA",930913
"Towns, GA",452500
"Treutlen, GA",193993
"Troup, GA",2473688
"Turner, GA",264466
"Twiggs, GA",330023
"Union, GA",884607
"Upson, GA",912087
"Walker, GA",2275234
"Walton, GA",3804151
"Ware, GA",1176748
"Warren, GA",178047
"Washington, GA",705083
"Wayne, GA",934408
"Webster, GA",82328
"Wheeler, GA",145327
"White, GA",1066140
"Whitfield, GA",3976750
"Wilcox, GA",235067
"Wilkes, GA",396910
"Wilkinson, GA",317519
"Worth, GA",693102
"Hawaii, HI",8153018
"Honolulu, HI",55814960
"Kauai, HI",3449463
"Maui + Kalawao, HI*",7848988
"Ada, ID",24450290
"Adams, ID",150698
"Bannock, ID",3200194
"Bear Lake, ID",238557
"Benewah, ID",342969
"Bingham, ID",1610789
"Blaine, ID",2473899
"Boise, ID",309202
"Bonner, ID",1793401
"Bonneville, ID",6308248
"Boundary, ID",430378
"Butte, ID",102580
"Camas, ID",45999
"Canyon, ID",7415583
"Caribou, ID",266341
"Cassia, ID",1013721
"Clark, ID",35943
"Clearwater, ID",300791
"Custer, ID",173540
"Elmore, ID",987605
"Franklin, ID",472450
"Fremont (includes Yellowstone Park), ID",451262
"Gem, ID",665534
"Gooding, ID",800230
"Idaho, ID",550290
"Jefferson, ID",1015821
"Jerome, ID",843224
"Kootenai, ID",7295195
"Latah, ID",1567738
"Lemhi, ID",320175
"Lewis, ID",173979
"Lincoln, ID",187845
"Madison, ID",1063465
"Minidoka, ID",783032
"Nez Perce, ID",1763640
"Oneida, ID",156258
"Owyhee, ID",410684
"Payette, ID",926665
"Power, ID",287608
"Shoshone, ID",447010
"Teton, ID",456047
"Twin Falls, ID",3361391
"Valley, ID",528291
"Washington, ID",351010
"Adams, IL",3020211
"Alexander, IL",208535
"Bond, IL",608760
"Boone, IL",2518057
"Brown, IL",228372
"Bureau, IL",1337236
"Calhoun, IL",201067
"Carroll, IL",622821
"Cass, IL",494122
"Champaign, IL",9214096
"Christian, IL",1337265
"Clark, IL",638510
"Clay, IL",533728
"Clinton, IL",1737562
"Coles, IL",2022924
"Cook, IL",324899242
"Crawford, IL",847193
"Cumberland, IL",764343
"DeKalb, IL",4214720
"De Witt, IL",735214
"Douglas, IL",970277
"DuPage, IL",67875863
"Edgar, IL",706142
"Edwards, IL",255521
"Effingham, IL",1684937
"Fayette, IL",755095
"Ford, IL",663393
"Franklin, IL",1427502
"Fulton, IL",1293061
"Gallatin, IL",201834
"Greene, IL",462367
"Grundy, IL",2768211
"Hamilton, IL",343289
"Hancock, IL",769325
"Hardin, IL",141757
"Henderson, IL",280357
"Henry, IL",2198329
"Iroquois, IL",1174189
"Jackson, IL",2078895
"Jasper, IL",391520
"Jefferson, IL",1471640
"Jersey, IL",903132
"Jo Daviess, IL",1004932
"Johnson, IL",443688
"Kane, IL",27227447
"Kankakee, IL",4504357
"Kendall, IL",6271515
"Knox, IL",1941161
"Lake, IL",55376202
"LaSalle, IL",4803743
"Lawrence, IL",477535
"Lee, IL",1404654
"Livingston, IL",1585708
"Logan, IL",1053807
"McDonough, IL",1126895
"McHenry, IL",16976878
"McLean, IL",8425764
"Macon, IL",4958670
"Macoupin, IL",1836511
"Madison, IL",12153074
"Marion, IL",1540733
"Marshall, IL",518561
"Mason, IL",549324
"Massac, IL",520621
"Menard, IL",558361
"Mercer, IL",717793
"Monroe, IL",1951185
"Montgomery, IL",1006779
"Morgan, IL",1321061
"Moultrie, IL",907086
"Ogle, IL",2329341
"Peoria, IL",8937147
"Perry, IL",769021
"Piatt, IL",878434
"Pike, IL",620678
"Pope, IL",120843
"Pulaski, IL",195995
"Putnam, IL",340682
"Randolph, IL",1156770
"Richland, IL",643081
"Rock Island, IL",6245081
"St. Clair, IL",11581847
"Saline, IL",926510
"Sangamon, IL",9286762
"Schuyler, IL",284572
"Scott, IL",204945
"Shelby, IL",866032
"Stark, IL",234500
"Stephenson, IL",1857652
"Tazewell, IL",6273961
"Union, IL",704099
"Vermilion, IL",2932340
"Wabash, IL",482307
"Warren, IL",688014
"Washington, IL",656951
"Wayne, IL",614459
"White, IL",654565
"Whiteside, IL",2380955
"Will, IL",36520646
"Williamson, IL",2937963
"Winnebago, IL",12199156
"Woodford, IL",1996606
"Adams, IN",1368525
"Allen, IN",17275592
"Bartholomew, IN",4323240
"Benton, IN",347122
"Blackford, IN",440952
"Boone, IN",4955573
"Brown, IN",714290
"Carroll, IN",848308
"Cass, IN",1446011
"Clark, IN",5098959
"Clay, IN",977680
"Clinton, IN",1240301
"Crawford, IN",355935
"Daviess, IN",1393614
"Dearborn, IN",2350940
"Decatur, IN",1121820
"DeKalb, IN",1900091
"Delaware, IN",4153955
"Dubois, IN",2322932
"Elkhart, IN",9449457
"Fayette, IN",921131
"Floyd, IN",4250309
"Fountain, IN",648878
"Franklin, IN",1031632
"Fulton, IN",830059
"Gibson, IN",1491995
"Grant, IN",2623505
"Greene, IN",1247198
"Hamilton, IN",24856451
"Hancock, IN",3869181
"Harrison, IN",1682403
"Hendricks, IN",8361834
"Henry, IN",1823237
"Howard, IN",3401685
"Huntington, IN",1496622
"Jackson, IN",1897209
"Jasper, IN",1450850
"Jay, IN",795608
"Jefferson, IN",1347394
"Jennings, IN",1087695
"Johnson, IN",7566920
"Knox, IN",1595416
"Kosciusko, IN",3745409
"Lagrange, IN",1672557
"Lake, IN",21758118
"LaPorte, IN",4611182
"Lawrence, IN",1845939
"Madison, IN",4862197
"Marion, IN",49476399
"Marshall, IN",1910719
"Martin, IN",386912
"Miami, IN",1225683
"Monroe, IN",6151725
"Montgomery, IN",1497946
"Morgan, IN",3059079
"Newton, IN",547744
"Noble, IN",1898608
"Ohio, IN",234374
"Orange, IN",728988
"Owen, IN",825657
"Parke, IN",599200
"Perry, IN",710441
"Pike, IN",493553
"Porter, IN",8990527
"Posey, IN",1216615
"Pulaski, IN",529637
"Putnam, IN",1387639
"Randolph, IN",921805
"Ripley, IN",1178126
"Rush, IN",737518
"St. Joseph, IN",12771040
"Scott, IN",885359
"Shelby, IN",1926669
"Spencer, IN",879925
"Starke, IN",790226
"Steuben, IN",1499146
"Sullivan, IN",728234
"Switzerland, IN",335657
"Tippecanoe, IN",7471487
"Tipton, IN",683688
"Union, IN",271315
"Vanderburgh, IN",8097611
"Vermillion, IN",570800
"Vigo, IN",4027839
"Wabash, IN",1294741
"Warren, IN",355986
"Warrick, IN",3498819
"Washington, IN",1078262
"Wayne, IN",2687334
"Wells, IN",1158935
"White, IN",1025636
"Whitley, IN",1521706
"Adair, IA",364228
"Adams, IA",210662
"Allamakee, IA",638226
"Appanoose, IA",475021
"Audubon, IA",274949
"Benton, IA",1332819
"Black Hawk, IA",5878409
"Boone, IA",1237452
"Bremer, IA",1203641
"Buchanan, IA",998516
"Buena Vista, IA",887749
"Butler, IA",658534
"Calhoun, IA",466887
"Carroll, IA",1080334
"Cass, IA",605524
"Cedar, IA",983706
"Cerro Gordo, IA",2151611
"Cherokee, IA",668143
"Chickasaw, IA",681186
"Clarke, IA",387179
"Clay, IA",791665
"Clayton, IA",840822
"Clinton, IA",2032829
"Crawford, IA",694695
"Dallas, IA",6063074
"Davis, IA",341749
"Decatur, IA",275394
"Delaware, IA",858747
"Des Moines, IA",1896732
"Dickinson, IA",1001824
"Dubuque, IA",4763024
"Emmet, IA",410522
"Fayette, IA",850092
"Floyd, IA",723182
"Franklin, IA",469669
"Fremont, IA",303756
"Greene, IA",415880
"Grundy, IA",619466
"Guthrie, IA",551958
"Hamilton, IA",798573
"Hancock, IA",558564
"Hardin, IA",813531
"Harrison, IA",632101
"Henry, IA",849091
"Howard, IA",444471
"Humboldt, IA",458682
"Ida, IA",343276
"Iowa, IA",856653
"Jackson, IA",855317
"Jasper, IA",1552162
"Jefferson, IA",718349
"Johnson, IA",8040523
"Jones, IA",888830
"Keokuk, IA",442456
"Kossuth, IA",754277
"Lee, IA",1389324
"Linn, IA",11809257
"Louisa, IA",462329
"Lucas, IA",353840
"Lyon, IA",672104
"Madison, IA",788762
"Mahaska, IA",947542
"Marion, IA",1597158
"Marshall, IA",1671678
"Mills, IA",816884
"Mitchell, IA",650443
"Monona, IA",383141
"Monroe, IA",333489
"Montgomery, IA",410867
"Muscatine, IA",1981803
"O'Brien, IA",741660
"Osceola, IA",307048
"Page, IA",621338
"Palo Alto, IA",482785
"Plymouth, IA",1370841
"Pocahontas, IA",354537
"Polk, IA",25422223
"Pottawattamie, IA",4147913
"Poweshiek, IA",823345
"Ringgold, IA",224677
"Sac, IA",518951
"Scott, IA",9230177
"Shelby, IA",590017
"Sioux, IA",1835331
"Story, IA",4065986
"Tama, IA",756806
"Taylor, IA",252159
"Union, IA",496338
"Van Buren, IA",282030
"Wapello, IA",1356372
"Warren, IA",2549933
"Washington, IA",1262176
"Wayne, IA",269031
"Webster, IA",1619731
"Winnebago, IA",446192
"Winneshiek, IA",968982
"Woodbury, IA",4373584
"Worth, IA",296185
"Wright, IA",654369
"Allen, KS",489805
"Anderson, KS",297167
"Atchison, KS",609602
"Barber, KS",189482
"Barton, KS",1151398
"Bourbon, KS",637386
"Brown, KS",428638
"Butler, KS",3056531
"Chase, KS",127779
"Chautauqua, KS",131147
"Cherokee, KS",806301
"Cheyenne, KS",117999
"Clark, KS",102649
"Clay, KS",331676
"Cloud, KS",330951
"Coffey, KS",429901
"Comanche, KS",72089
"Cowley, KS",1315821
"Crawford, KS",1651669
"Decatur, KS",119233
"Dickinson, KS",758619
"Doniphan, KS",298408
"Douglas, KS",5261764
"Edwards, KS",150935
"Elk, KS",95187
"Ellis, KS",1285060
"Ellsworth, KS",266162
"Finney, KS",1555865
"Ford, KS",1295612
"Franklin, KS",1083946
"Geary, KS",1626777
"Gove, KS",152965
"Graham, KS",116028
"Grant, KS",332961
"Gray, KS",354022
"Greeley, KS",91169
"Greenwood, KS",244587
"Hamilton, KS",147738
"Harper, KS",253542
"Harvey, KS",1433295
"Haskell, KS",237245
"Hodgeman, KS",93734
"Jackson, KS",554399
"Jefferson, KS",843135
"Jewell, KS",137864
"Johnson, KS",44572723
"Kearny, KS",193809
"Kingman, KS",308536
"Kiowa, KS",103105
"Labette, KS",827640
"Lane, KS",104763
"Leavenworth, KS",3463113
"Lincoln, KS",124116
"Linn, KS",376970
"Logan, KS",126631
"Lyon, KS",1263809
"McPherson, KS",1435173
"Marion, KS",488442
"Marshall, KS",414254
"Meade, KS",228813
"Miami, KS",1616108
"Mitchell, KS",338281
"Montgomery, KS",1168531
"Morris, KS",239687
"Morton, KS",116838
"Nemaha, KS",511786
"Neosho, KS",616402
"Ness, KS",136192
"Norton, KS",219344
"Osage, KS",664770
"Osborne, KS",161998
"Ottawa, KS",235680
"Pawnee, KS",253336
"Phillips, KS",259399
"Pottawatomie, KS",1281083
"Pratt, KS",438232
"Rawlins, KS",121197
"Reno, KS",2450369
"Republic, KS",195519
"Rice, KS",393488
"Riley, KS",3066480
"Rooks, KS",195247
"Rush, KS",137964
"Russell, KS",297857
"Saline, KS",2633996
"Scott, KS",267245
"Sedgwick, KS",26177518
"Seward, KS",810037
"Shawnee, KS",8198846
"Sheridan, KS",113085
"Sherman, KS",253275
"Smith, KS",155326
"Stafford, KS",179747
"Stanton, KS",121489
"Stevens, KS",219262
"Sumner, KS",882574
"Thomas, KS",354947
"Trego, KS",132341
"Wabaunsee, KS",346074
"Wallace, KS",72941
"Washington, KS",239568
"Wichita, KS",124241
"Wilson, KS",355159
"Woodson, KS",117172
"Wyandotte, KS",5436654
"Adair, KY",598093
"Allen, KY",676204
"Anderson, KY",885465
"Ballard, KY",290657
"Barren, KY",1579908
"Bath, KY",377178
"Bell, KY",773229
"Boone, KY",6339008
"Bourbon, KY",941077
"Boyd, KY",1840923
"Boyle, KY",1125122
"Bracken, KY",303589
"Breathitt, KY",428176
"Breckinridge, KY",675033
"Bullitt, KY",3361946
"Butler, KY",431262
"Caldwell, KY",422371
"Calloway, KY",1357838
"Campbell, KY",4502958
"Carlisle, KY",184793
"Carroll, KY",387639
"Carter, KY",824599
"Casey, KY",483956
"Christian, KY",2669655
"Clark, KY",1408857
"Clay, KY",604434
"Clinton, KY",316374
"Crittenden, KY",306579
"Cumberland, KY",226389
"Daviess, KY",4135699
"Edmonson, KY",401297
"Elliott, KY",167509
"Estill, KY",450016
"Fayette, KY",15878753
"Fleming, KY",487813
"Floyd, KY",1292336
"Franklin, KY",2113708
"Fulton, KY",192865
"Gallatin, KY",288622
"Garrard, KY",601614
"Grant, KY",896115
"Graves, KY",1383681
"Grayson, KY",869566
"Green, KY",371899
"Greenup, KY",1446710
"Hancock, KY",321689
"Hardin, KY",4678883
"Harlan, KY",797285
"Harrison, KY",653977
"Hart, KY",615264
"Henderson, KY",1776449
"Henry, KY",608727
"Hickman, KY",185495
"Hopkins, KY",1741671
"Jackson, KY",380747
"Jefferson, KY",39667153
"Jessamine, KY",2386157
"Johnson, KY",738770
"Kenton, KY",9192003
"Knott, KY",458438
"Knox, KY",898019
"Larue, KY",523138
"Laurel, KY",2026843
"Lawrence, KY",490995
"Lee, KY",208409
"Leslie, KY",331604
"Letcher, KY",667739
"Lewis, KY",409674
"Lincoln, KY",778368
"Livingston, KY",338811
"Logan, KY",938297
"Lyon, KY",291874
"McCracken, KY",2990121
"McCreary, KY",447666
"McLean, KY",360106
"Madison, KY",3229165
"Magoffin, KY",387683
"Marion, KY",698762
"Marshall, KY",1255186
"Martin, KY",331555
"Mason, KY",668280
"Meade, KY",1121275
"Menifee, KY",193552
"Mercer, KY",790925
"Metcalfe, KY",308771
"Monroe, KY",384925
"Montgomery, KY",963699
"Morgan, KY",358231
"Muhlenberg, KY",1032929
"Nelson, KY",1939348
"Nicholas, KY",244793
"Ohio, KY",781942
"Oldham, KY",4216015
"Owen, KY",362935
"Owsley, KY",139708
"Pendleton, KY",634465
"Perry, KY",985430
"Pike, KY",2120686
"Powell, KY",390811
"Pulaski, KY",2374181
"Robertson, KY",69584
"Rockcastle, KY",516260
"Rowan, KY",752847
"Russell, KY",629507
"Scott, KY",2404216
"Shelby, KY",2162097
"Simpson, KY",681743
"Spencer, KY",836075
"Taylor, KY",863630
"Todd, KY",441932
"Trigg, KY",528571
"Trimble, KY",325128
"Union, KY",482489
"Warren, KY",4840740
"Washington, KY",447759
"Wayne, KY",585762
"Webster, KY",498023
"Whitley, KY",1192113
"Wolfe, KY",222907
"Woodford, KY",1328563
"Acadia, LA",2289430
"Allen, LA",859571
"Ascension, LA",6212119
"Assumption, LA",1040205
"Avoyelles, LA",1504460
"Beauregard, LA",1577642
"Bienville, LA",501960
"Bossier, LA",5565922
"Caddo, LA",11649616
"Calcasieu, LA",9790967
"Caldwell, LA",327135
"Cameron, LA",324637
"Catahoula, LA",307255
"Claiborne, LA",523122
"Concordia, LA",625009
"De Soto, LA",1117111
"East Baton Rouge, LA",22543798
"East Carroll, LA",235192
"East Feliciana, LA",793113
"Evangeline, LA",1080520
"Franklin, LA",623953
"Grant, LA",688990
"Iberia, LA",2737574
"Iberville, LA",1331122
"Jackson, LA",528468
"Jefferson, LA",21587205
"Jefferson Davis, LA",1300489
"Lafayette, LA",11772203
"Lafourche, LA",4201387
"LaSalle, LA",468516
"Lincoln, LA",1847251
"Livingston, LA",5861307
"Madison, LA",344759
"Morehouse, LA",934721
"Natchitoches, LA",1504398
"Orleans, LA",19841363
"Ouachita, LA",6294356
"Plaquemines, LA",1104660
"Pointe Coupee, LA",1003981
"Rapides, LA",5743692
"Red River, LA",373933
"Richland, LA",744831
"Sabine, LA",827997
"St. Bernard, LA",1470304
"St. Charles, LA",2552285
"St. Helena, LA",437642
"St. James, LA",1063194
"St. John the Baptist, LA",1731017
"St. Landry, LA",3290953
"St. Martin, LA",2021423
"St. Mary, LA",1950877
"St. Tammany, LA",16571567
"Tangipahoa, LA",5031470
"Tensas, LA",164590
"Terrebonne, LA",4545232
"Union, LA",884617
"Vermilion, LA",2326682
"Vernon, LA",1964442
"Washington, LA",1548635
"Webster, LA",1529112
"West Baton Rouge, LA",1237439
"West Carroll, LA",375855
"West Feliciana, LA",585435
"Winn, LA",502045
"Androscoggin, ME",4383681
"Aroostook, ME",2748541
"Cumberland, ME",18072295
"Franklin, ME",1145498
"Hancock, ME",2738026
"Kennebec, ME",5394251
"Knox, ME",1951599
"Lincoln, ME",1692742
"Oxford, ME",2165961
"Penobscot, ME",6265546
"Piscataquis, ME",642994
"Sagadahoc, ME",1799832
"Somerset, ME",1883836
"Waldo, ME",1625690
"Washington, ME",1229019
"York, ME",10723670
"Allegany, MD",2779673
"Anne Arundel, MD",37926143
"Baltimore, MD",48923898
"Calvert, MD",5610589
"Caroline, MD",1486974
"Carroll, MD",10249171
"Cecil, MD",4851096
"Charles, MD",8989039
"Dorchester, MD",1428364
"Frederick, MD",15642812
"Garrett, MD",1269814
"Harford, MD",14586763
"Howard, MD",24328471
"Kent, MD",1129485
"Montgomery, MD",88559517
"Prince George's, MD",43924918
"Queen Anne's, MD",3140397
"St. Mary's, MD",6320851
"Somerset, MD",769623
"Talbot, MD",2568460
"Washington, MD",6849789
"Wicomico, MD",4130589
"Worcester, MD",2876205
"Baltimore (Independent City), MD",29488648
"Barnstable, MA",15199571
"Berkshire, MA",7030940
"Bristol, MA",29862711
"Dukes, MA",1488284
"Essex, MA",52519700
"Franklin, MA",3813355
"Hampden, MA",23827167
"Hampshire, MA",8353428
"Middlesex, MA",132548705
"Nantucket, MA",1187728
"Norfolk, MA",63488997
"Plymouth, MA",34272297
"Suffolk, MA",64197669
"Worcester, MA",46163888
"Alcona, MI",399222
"Alger, MI",301259
"Allegan, MI",5248982
"Alpena, MI",1136033
"Antrim, MI",1073932
"Arenac, MI",557477
"Baraga, MI",267658
"Barry, MI",2709118
"Bay, MI",4366150
"Benzie, MI",774163
"Berrien, MI",7256430
"Branch, MI",1571074
"Calhoun, MI",5218461
"Cass, MI",2292279
"Charlevoix, MI",1355410
"Cheboygan, MI",984216
"Chippewa, MI",1248896
"Clare, MI",1050783
"Clinton, MI",3616283
"Crawford, MI",476646
"Delta, MI",1408804
"Dickinson, MI",1217407
"Eaton, MI",4600043
"Emmet, MI",1847516
"Genesee, MI",16359898
"Gladwin, MI",921662
"Gogebic, MI",592077
"Grand Traverse, MI",4635569
"Gratiot, MI",1485654
"Hillsdale, MI",1609188
"Houghton, MI",1329549
"Huron, MI",1392326
"Ingham, MI",11534679
"Ionia, MI",2224135
"Iosco, MI",919292
"Iron, MI",484095
"Isabella, MI",2449317
"Jackson, MI",6215612
"Kalamazoo, MI",12650367
"Kalkaska, MI",618703
"Kent, MI",34005399
"Keweenaw, MI",96260
"Lake, MI",389502
"Lapeer, MI",3807734
"Leelanau, MI",1427979
"Lenawee, MI",3863269
"Livingston, MI",10997749
"Luce, MI",192390
"Mackinac, MI",460618
"Macomb, MI",40258412
"Manistee, MI",955699
"Marquette, MI",2581354
"Mason, MI",1168651
"Mecosta, MI",1437598
"Menominee, MI",972983
"Midland, MI",4424672
"Missaukee, MI",521346
"Monroe, MI",7068994
"Montcalm, MI",2182572
"Montmorency, MI",339299
"Muskegon, MI",6594984
"Newaygo, MI",1805383
"Oakland, MI",89322345
"Oceana, MI",991222
"Ogemaw, MI",720365
"Ontonagon, MI",225616
"Osceola, MI",837802
"Oscoda, MI",276089
"Otsego, MI",985909
"Ottawa, MI",13938739
"Presque Isle, MI",504116
"Roscommon, MI",854493
"Saginaw, MI",7542602
"St. Clair, MI",6986071
"St. Joseph, MI",2292800
"Sanilac, MI",1536795
"Schoolcraft, MI",317121
"Shiawassee, MI",2663756
"Tuscola, MI",1928968
"Van Buren, MI",3051970
"Washtenaw, MI",21650159
"Wayne, MI",74427745
"Wexford, MI",1200118
"Aitkin, MN",633869
"Anoka, MN",18035585
"Becker, MN",1596747
"Beltrami, MN",1922130
"Benton, MN",1776897
"Big Stone, MN",256597
"Blue Earth, MN",2999839
"Brown, MN",1299821
"Carlton, MN",1524465
"Carver, MN",7383477
"Cass, MN",1367473
"Chippewa, MN",552061
"Chisago, MN",2714144
"Clay, MN",2707125
"Clearwater, MN",381861
"Cook, MN",288065
"Cottonwood, MN",521307
"Crow Wing, MN",2861120
"Dakota, MN",25598935
"Dodge, MN",947856
"Douglas, MN",1933191
"Faribault, MN",558841
"Fillmore, MN",918660
"Freeborn, MN",1347357
"Goodhue, MN",2454266
"Grant, MN",274545
"Hennepin, MN",92981028
"Houston, MN",935750
"Hubbard, MN",1018616
"Isanti, MN",1768263
"Itasca, MN",1970119
"Jackson, MN",499486
"Kanabec, MN",676483
"Kandiyohi, MN",2215970
"Kittson, MN",209004
"Koochiching, MN",521466
"Lac qui Parle, MN",322171
"Lake, MN",509675
"Lake of the Woods, MN",203183
"Le Sueur, MN",1390353
"Lincoln, MN",247572
"Lyon, MN",1231648
"McLeod, MN",1719906
"Mahnomen, MN",190807
"Marshall, MN",486518
"Martin, MN",1002363
"Meeker, MN",1013335
"Mille Lacs, MN",1089561
"Morrison, MN",1396184
"Mower, MN",1819833
"Murray, MN",414995
"Nicollet, MN",1652081
"Nobles, MN",945462
"Norman, MN",241371
"Olmsted, MN",9032231
"Otter Tail, MN",2735517
"Pennington, MN",783098
"Pine, MN",1088930
"Pipestone, MN",486744
"Polk, MN",1438122
"Pope, MN",547770
"Ramsey, MN",29289607
"Red Lake, MN",196454
"Redwood, MN",734683
"Renville, MN",719448
"Rice, MN",2896198
"Rock, MN",471353
"Roseau, MN",740471
"St. Louis, MN",9321767
"Scott, MN",9039010
"Sherburne, MN",4480640
"Sibley, MN",688204
"Stearns, MN",7341309
"Steele, MN",1685816
"Stevens, MN",441860
"Swift, MN",446488
"Todd, MN",1030682
"Traverse, MN",171671
"Wabasha, MN",1022838
"Wadena, MN",538958
"Waseca, MN",779281
"Washington, MN",17330068
"Watonwan, MN",473289
"Wilkin, MN",326200
"Winona, MN",2379461
"Wright, MN",6885962
"Yellow Medicine, MN",491217
"Adams, MS",1043024
"Alcorn, MS",1322156
"Amite, MS",428923
"Attala, MS",600411
"Benton, MS",252978
"Bolivar, MS",1178929
"Calhoun, MS",458861
"Carroll, MS",372801
"Chickasaw, MS",562886
"Choctaw, MS",269285
"Claiborne, MS",277929
"Clarke, MS",582470
"Clay, MS",683009
"Coahoma, MS",781263
"Copiah, MS",934313
"Covington, MS",698104
"DeSoto, MS",7548646
"Forrest, MS",2856034
"Franklin, MS",261226
"George, MS",805913
"Greene, MS",390834
"Grenada, MS",744358
"Hancock, MS",1631315
"Harrison, MS",7568718
"Hinds, MS",9002593
"Holmes, MS",493686
"Humphreys, MS",259209
"Issaquena, MS",28222
"Itawamba, MS",826537
"Jackson, MS",5293604
"Jasper, MS",644855
"Jefferson, MS",244004
"Jefferson Davis, MS",340894
"Jones, MS",2561652
"Kemper, MS",282283
"Lafayette, MS",2259397
"Lamar, MS",2469615
"Lauderdale, MS",2827983
"Lawrence, MS",432443
"Leake, MS",723594
"Lee, MS",3484293
"Leflore, MS",1049870
"Lincoln, MS",1312655
"Lowndes, MS",2231386
"Madison, MS",6670718
"Marion, MS",928810
"Marshall, MS",1171368
"Monroe, MS",1235938
"Montgomery, MS",334445
"Neshoba, MS",1045476
"Newton, MS",746286
"Noxubee, MS",329425
"Oktibbeha, MS",1684067
"Panola, MS",1110414
"Pearl River, MS",2006405
"Perry, MS",390074
"Pike, MS",1206972
"Pontotoc, MS",1043716
"Prentiss, MS",757630
"Quitman, MS",201131
"Rankin, MS",6841859
"Scott, MS",884853
"Sharkey, MS",142333
"Simpson, MS",985033
"Smith, MS",571825
"Stone, MS",594946
"Sunflower, MS",786093
"Tallahatchie, MS",404018
"Tate, MS",1002240
"Tippah, MS",804647
"Tishomingo, MS",649553
"Tunica, MS",317127
"Union, MS",908163
"Walthall, MS",455239
"Warren, MS",1821669
"Washington, MS",1646992
"Wayne, MS",710142
"Webster, MS",366616
"Wilkinson, MS",256735
"Winston, MS",629678
"Yalobusha, MS",455297
"Yazoo, MS",796750
"Adair, MO",813545
"Andrew, MO",751798
"Atchison, MO",195702
"Audrain, MO",924434
"Barry, MO",1258745
"Barton, MO",404735
"Bates, MO",619092
"Benton, MO",715208
"Bollinger, MO",391448
"Boone, MO",8276326
"Buchanan, MO",3352983
"Butler, MO",1493397
"Caldwell, MO",335748
"Callaway, MO",1661426
"Camden, MO",1714920
"Cape Girardeau, MO",3495007
"Carroll, MO",363494
"Carter, MO",189259
"Cass, MO",4880428
"Cedar, MO",432140
"Chariton, MO",302775
"Christian, MO",3510811
"Clark, MO",228110
"Clay, MO",11732598
"Clinton, MO",847871
"Cole, MO",3505609
"Cooper, MO",669137
"Crawford, MO",839653
"Dade, MO",254655
"Dallas, MO",550112
"Daviess, MO",264621
"DeKalb, MO",348185
"Dent, MO",507390
"Douglas, MO",362450
"Dunklin, MO",999177
"Franklin, MO",4555703
"Gasconade, MO",575188
"Gentry, MO",264904
"Greene, MO",12686879
"Grundy, MO",335162
"Harrison, MO",287829
"Henry, MO",888968
"Hickory, MO",271169
"Holt, MO",189880
"Howard, MO",385416
"Howell, MO",1350281
"Iron, MO",333117
"Jackson, MO",32218446
"Jasper, MO",4861421
"Jefferson, MO",9445766
"Johnson, MO",1961598
"Knox, MO",127468
"Laclede, MO",1270453
"Lafayette, MO",1348748
"Lawrence, MO",1298498
"Lewis, MO",337752
"Lincoln, MO",2305581
"Linn, MO",456207
"Livingston, MO",564716
"McDonald, MO",662598
"Macon, MO",617052
"Madison, MO",432317
"Maries, MO",283230
"Marion, MO",1136217
"Mercer, MO",111177
"Miller, MO",889683
"Mississippi, MO",394652
"Moniteau, MO",567995
"Monroe, MO",334269
"Montgomery, MO",450605
"Morgan, MO",831816
"New Madrid, MO",568287
"Newton, MO",2230013
"Nodaway, MO",679877
"Oregon, MO",308469
"Osage, MO",591547
"Ozark, MO",276643
"Pemiscot, MO",551500
"Perry, MO",786924
"Pettis, MO",1562565
"Phelps, MO",1724403
"Pike, MO",611149
"Platte, MO",5868216
"Polk, MO",1089991
"Pulaski, MO",2067014
"Putnam, MO",162256
"Ralls, MO",388814
"Randolph, MO",948991
"Ray, MO",953558
"Reynolds, MO",210050
"Ripley, MO",402957
"St. Charles, MO",21215292
"St. Clair, MO",272784
"Ste. Genevieve, MO",729255
"St. Francois, MO",2259916
"St. Louis, MO",70135028
"Saline, MO",822627
"Schuyler, MO",133969
"Scotland, MO",159071
"Scott, MO",1527739
"Shannon, MO",244387
"Shelby, MO",225143
"Stoddard, MO",1009805
"Stone, MO",1217679
"Sullivan, MO",225777
"Taney, MO",1997412
"Texas, MO",713727
"Vernon, MO",697652
"Warren, MO",1441077
"Washington, MO",734807
"Wayne, MO",381563
"Webster, MO",1262410
"Worth, MO",67430
"Wright, MO",581496
"St. Louis (Independent City), MO",13819285
"Beaverhead, MT",418522
"Big Horn, MT",393777
"Blaine, MT",200512
"Broadwater, MT",256331
"Carbon, MT",541182
"Carter, MT",48671
"Cascade, MT",3853259
"Chouteau, MT",217732
"Custer, MT",507842
"Daniels, MT",81399
"Dawson, MT",405563
"Deer Lodge, MT",353578
"Fallon, MT",140975
"Fergus, MT",460443
"Flathead, MT",4870019
"Gallatin, MT",6277200
"Garfield, MT",42742
"Glacier, MT",474079
"Golden Valley, MT",40011
"Granite, MT",144156
"Hill, MT",734166
"Jefferson, MT",571244
"Judith Basin, MT",89691
"Lake, MT",1178345
"Lewis and Clark, MT",3307268
"Liberty, MT",92692
"Lincoln, MT",712840
"McCone, MT",60582
"Madison, MT",432176
"Meagher, MT",78869
"Mineral, MT",169601
"Missoula, MT",5810701
"Musselshell, MT",201353
"Park, MT",820324
"Petroleum, MT",16169
"Phillips, MT",159115
"Pondera, MT",255398
"Powder River, MT",55805
"Powell, MT",283978
"Prairie, MT",50476
"Ravalli, MT",1935119
"Richland, MT",647632
"Roosevelt, MT",407931
"Rosebud, MT",392761
"Sanders, MT",416750
"Sheridan, MT",157589
"Silver Bow, MT",1623707
"Stillwater, MT",497922
"Sweet Grass, MT",169685
"Teton, MT",277473
"Toole, MT",238479
"Treasure, MT",32345
"Valley, MT",335743
"Wheatland, MT",75641
"Wibaux, MT",38106
"Yellowstone, MT",8296351
"Adams, NE",1491971
"Antelope, NE",319575
"Arthur, NE",19088
"Banner, NE",34892
"Blaine, NE",26345
"Boone, NE",267991
"Box Butte, NE",512979
"Boyd, NE",99161
"Brown, NE",147990
"Buffalo, NE",2702927
"Burt, NE",289847
"Butler, NE",375884
"Cass, NE",1329802
"Cedar, NE",406197
"Chase, NE",206148
"Cherry, NE",244736
"Cheyenne, NE",446871
"Clay, NE",296284
"Colfax, NE",441323
"Cuming, NE",513338
"Custer, NE",488728
"Dakota, NE",827664
"Dawes, NE",319808
"Dawson, NE",993299
"Deuel, NE",73648
"Dixon, NE",229059
"Dodge, NE",1686473
"Douglas, NE",35047400
"Dundy, NE",109978
"Fillmore, NE",299165
"Franklin, NE",138338
"Frontier, NE",98397
"Furnas, NE",196631
"Gage, NE",1003749
"Garden, NE",80951
"Garfield, NE",77207
"Gosper, NE",91483
"Grant, NE",27779
"Greeley, NE",108868
"Hall, NE",2623403
"Hamilton, NE",484238
"Harlan, NE",160716
"Hayes, NE",49859
"Hitchcock, NE",103363
"Holt, NE",512499
"Hooker, NE",32145
"Howard, NE",275190
"Jefferson, NE",326047
"Johnson, NE",169311
"Kearney, NE",340631
"Keith, NE",366608
"Keya Paha, NE",36618
"Kimball, NE",157007
"Knox, NE",374991
"Lancaster, NE",15433711
"Lincoln, NE",1670396
"Logan, NE",37101
"Loup, NE",33092
"McPherson, NE",19318
"Madison, NE",1711794
"Merrick, NE",330149
"Morrill, NE",244079
"Nance, NE",123891
"Nemaha, NE",320682
"Nuckolls, NE",206996
"Otoe, NE",833265
"Pawnee, NE",110870
"Perkins, NE",155135
"Phelps, NE",448830
"Pierce, NE",366309
"Platte, NE",1520893
"Polk, NE",260728
"Red Willow, NE",471337
"Richardson, NE",372827
"Rock, NE",76822
"Saline, NE",593432
"Sarpy, NE",9332647
"Saunders, NE",1084021
"Scotts Bluff, NE",1585472
"Seward, NE",854229
"Sheridan, NE",235153
"Sherman, NE",122984
"Sioux, NE",62069
"Stanton, NE",256630
"Thayer, NE",255828
"Thomas, NE",37945
"Thurston, NE",256505
"Valley, NE",197703
"Washington, NE",1116255
"Wayne, NE",390208
"Webster, NE",155299
"Wheeler, NE",43323
"York, NE",655223
"Churchill, NV",1097591
"Clark, NV",104221369
"Douglas, NV",3477177
"Elko, NV",2432170
"Esmeralda, NV",31550
"Eureka, NV",76030
"Humboldt, NV",769821
"Lander, NV",362399
"Lincoln, NV",192432
"Lyon, NV",2177705
"Mineral, NV",170949
"Nye, NV",1738345
"Pershing, NV",214084
"Storey, NV",234675
"Washoe, NV",28032257
"White Pine, NV",421660
"Carson City (Independent City), NV",2757916
"Belknap, NH",3725775
"Carroll, NH",2855413
"Cheshire, NH",3899773
"Coos, NH",1364169
"Grafton, NH",5430258
"Hillsborough, NH",24993383
"Merrimack, NH",8581545
"Rockingham, NH",22712223
"Strafford, NH",6532347
"Sullivan, NH",2258844
"Atlantic, NJ",12619513
"Bergen, NJ",78821904
"Burlington, NJ",27081703
"Camden, NJ",26850242
"Cape May, NJ",5542473
"Cumberland, NJ",5885069
"Essex, NJ",50534850
"Gloucester, NJ",15877715
"Hudson, NJ",43335608
"Hunterdon, NJ",10943878
"Mercer, NJ",25257430
"Middlesex, NJ",49764242
"Monmouth, NJ",48923699
"Morris, NJ",47571689
"Ocean, NJ",30901886
"Passaic, NJ",24609957
"Salem, NJ",2967112
"Somerset, NJ",33057139
"Sussex, NJ",8638286
"Union, NJ",36934777
"Warren, NJ",5791238
"Bernalillo, NM",29242032
"Catron, NM",113761
"Chaves, NM",2505750
"Cibola, NM*",743626
"Colfax, NM",480635
"Curry, NM",2057288
"De Baca, NM",80523
"Doña Ana, NM",7740464
"Eddy, NM",3135226
"Grant, NM",1106010
"Guadalupe, NM",146792
"Harding, NM",25181
"Hidalgo, NM",175324
"Lea, NM",3264191
"Lincoln, NM",788844
"Los Alamos, NM",1335105
"Luna, NM",749976
"McKinley, NM",1966532
"Mora, NM",171587
"Otero, NM",2293518
"Quay, NM",318207
"Rio Arriba, NM",1364333
"Roosevelt, NM",733123
"Sandoval, NM",6059536
"San Juan, NM",4442751
"San Miguel, NM",958257
"Santa Fe, NM",8725165
"Sierra, NM",421257
"Socorro, NM",562509
"Taos, NM",1238071
"Torrance, NM",490822
"Union, NM",141434
"Valencia, NM*",2601642
"Albany, NY",18084599
"Allegany, NY",1861874
"Bronx, NY",50975925
"Broome, NY",8292494
"Cattaraugus, NY",2980621
"Cayuga, NY",3211587
"Chautauqua, NY",5041755
"Chemung, NY",3670532
"Chenango, NY",1882620
"Clinton, NY",3453111
"Columbia, NY",3265569
"Cortland, NY",1916097
"Delaware, NY",1731791
"Dutchess, NY",16245178
"Erie, NY",45947707
"Essex, NY",1683473
"Franklin, NY",1859561
"Fulton, NY",2271035
"Genesee, NY",2483008
"Greene, NY",2207068
"Hamilton, NY",239208
"Herkimer, NY",2504675
"Jefferson, NY",5181000
"Kings, NY",132232929
"Lewis, NY",1175232
"Livingston, NY",2857819
"Madison, NY",3084658
"Monroe, NY",38505593
"Montgomery, NY",1991072
"Nassau, NY",119231077
"New York, NY",293583447
"Niagara, NY",9322357
"Oneida, NY",10036052
"Onondaga, NY",24093733
"Ontario, NY",5795967
"Orange, NY",19472943
"Orleans, NY",1546603
"Oswego, NY",4668060
"Otsego, NY",2586977
"Putnam, NY",6553512
"Queens, NY",111124602
"Rensselaer, NY",7717829
"Richmond, NY",26371273
"Rockland, NY",19362793
"St. Lawrence, NY",4056868
"Saratoga, NY",15936478
"Schenectady, NY",7514917
"Schoharie, NY",1267202
"Schuyler, NY",732542
"Seneca, NY",1308923
"Steuben, NY",4268529
"Suffolk, NY",101608550
"Sullivan, NY",3440854
"Tioga, NY",2161963
"Tompkins, NY",4520920
"Ulster, NY",8897244
"Warren, NY",3337649
"Washington, NY",2441233
"Wayne, NY",4101592
"Westchester, NY",102211565
"Wyoming, NY",1592432
"Yates, NY",964529
"Alamance, NC",6562167
"Alexander, NC",1351957
"Alleghany, NC",407474
"Anson, NC",852420
"Ashe, NC",941712
"Avery, NC",619669
"Beaufort, NC",1944377
"Bertie, NC",668093
"Bladen, NC",1118469
"Brunswick, NC",6053028
"Buncombe, NC",12585927
"Burke, NC",3122218
"Cabarrus, NC",9561175
"Caldwell, NC",2853879
"Camden, NC",469110
"Carteret, NC",3380511
"Caswell, NC",778108
"Catawba, NC",7010983
"Chatham, NC",4560054
"Cherokee, NC",909429
"Chowan, NC",562442
"Clay, NC",368281
"Cleveland, NC",3582515
"Columbus, NC",1765732
"Craven, NC",4437303
"Cumberland, NC",12570946
"Currituck, NC",1225820
"Dare, NC",1985845
"Davidson, NC",6470383
"Davie, NC",2018416
"Duplin, NC",1942215
"Durham, NC",15667473
"Edgecombe, NC",1781308
"Forsyth, NC",17671702
"Franklin, NC",2424597
"Gaston, NC",8823284
"Gates, NC",422383
"Graham, NC",278478
"Granville, NC",2277576
"Greene, NC",635523
"Guilford, NC",23963510
"Halifax, NC",1783564
"Harnett, NC",4588325
"Haywood, NC",2447058
"Henderson, NC",5036915
"Hertford, NC",740759
"Hoke, NC",1704670
"Hyde, NC",179111
"Iredell, NC",9075381
"Jackson, NC",1440830
"Johnston, NC",8103089
"Jones, NC",359294
"Lee, NC",2480541
"Lenoir, NC",2188951
"Lincoln, NC",3822907
"McDowell, NC",1547092
"Macon, NC",1378884
"Madison, NC",730218
"Martin, NC",759559
"Mecklenburg, NC",66081094
"Mitchell, NC",536240
"Montgomery, NC",956693
"Moore, NC",4958566
"Nash, NC",3884089
"New Hanover, NC",10636863
"Northampton, NC",657059
"Onslow, NC",8604445
"Orange, NC",9134404
"Pamlico, NC",517560
"Pasquotank, NC",1494013
"Pender, NC",2311027
"Perquimans, NC",525067
"Person, NC",1469265
"Pitt, NC",7331644
"Polk, NC",914682
"Randolph, NC",5319122
"Richmond, NC",1526696
"Robeson, NC",3782832
"Rockingham, NC",3302233
"Rowan, NC",5374601
"Rutherford, NC",2133836
"Sampson, NC",2121104
"Scotland, NC",1118454
"Stanly, NC",2383388
"Stokes, NC",1690278
"Surry, NC",2712724
"Swain, NC",546584
"Transylvania, NC",1395330
"Tyrrell, NC",121279
"Union, NC",12334506
"Vance, NC",1493578
"Wake, NC",65358983
"Warren, NC",578166
"Washington, NC",406084
"Watauga, NC",2045581
"Wayne, NC",4648856
"Wilkes, NC",2486503
"Wilson, NC",3164188
"Yadkin, NC",1390478
"Yancey, NC",651531
"Adams, ND",107588
"Barnes, ND",550443
"Benson, ND",251880
"Billings, ND",70995
"Bottineau, ND",394993
"Bowman, ND",186276
"Burke, ND",155982
"Burleigh, ND",5649017
"Cass, ND",10338557
"Cavalier, ND",289580
"Dickey, ND",269910
"Divide, ND",117912
"Dunn, ND",269973
"Eddy, ND",136212
"Emmons, ND",161181
"Foster, ND",196377
"Golden Valley, ND",66973
"Grand Forks, ND",3609421
"Grant, ND",101815
"Griggs, ND",130128
"Hettinger, ND",122680
"Kidder, ND",125934
"LaMoure, ND",216322
"Logan, ND",100720
"McHenry, ND",308073
"McIntosh, ND",143345
"McKenzie, ND",911816
"McLean, ND",558127
"Mercer, ND",486194
"Morton, ND",1637165
"Mountrail, ND",642592
"Nelson, ND",175301
"Oliver, ND",86797
"Pembina, ND",406023
"Pierce, ND",206625
"Ramsey, ND",567104
"Ransom, ND",283794
"Renville, ND",177710
"Richland, ND",804715
"Rolette, ND",514816
"Sargent, ND",213662
"Sheridan, ND",64340
"Sioux, ND",121725
"Slope, ND",30977
"Stark, ND",1913755
"Steele, ND",106033
"Stutsman, ND",1071471
"Towner, ND",153194
"Traill, ND",402835
"Walsh, ND",544604
"Ward, ND",3694609
"Wells, ND",232229
"Williams, ND",2485400
"Adams, OH",956272
"Allen, OH",4306723
"Ashland, OH",2054207
"Ashtabula, OH",3755094
"Athens, OH",2169786
"Auglaize, OH",2205322
"Belmont, OH",2860251
"Brown, OH",1621100
"Butler, OH",17949651
"Carroll, OH",1058938
"Champaign, OH",1592200
"Clark, OH",5367720
"Clermont, OH",10839180
"Clinton, OH",1866889
"Columbiana, OH",3878594
"Coshocton, OH",1279693
"Crawford, OH",1592911
"Cuyahoga, OH",66747602
"Darke, OH",2233182
"Defiance, OH",1542706
"Delaware, OH",15168066
"Erie, OH",4346850
"Fairfield, OH",7172576
"Fayette, OH",1094995
"Franklin, OH",64857553
"Fulton, OH",1903422
"Gallia, OH",1171935
"Geauga, OH",6426518
"Greene, OH",8360404
"Guernsey, OH",1569061
"Hamilton, OH",47758645
"Hancock, OH",3798294
"Hardin, OH",1027969
"Harrison, OH",581194
"Henry, OH",1195042
"Highland, OH",1548947
"Hocking, OH",1070765
"Holmes, OH",1945969
"Huron, OH",2344208
"Jackson, OH",1140792
"Jefferson, OH",2539526
"Knox, OH",2643592
"Lake, OH",11692930
"Lawrence, OH",2286031
"Licking, OH",8033367
"Logan, OH",1934339
"Lorain, OH",14252525
"Lucas, OH",19625097
"Madison, OH",1814753
"Mahoning, OH",9690856
"Marion, OH",2419234
"Medina, OH",10009347
"Meigs, OH",793565
"Mercer, OH",2154123
"Miami, OH",5010363
"Monroe, OH",483594
"Montgomery, OH",24560816
"Morgan, OH",479031
"Morrow, OH",1381976
"Muskingum, OH",3483368
"Noble, OH",389059
"Ottawa, OH",2110236
"Paulding, OH",758431
"Perry, OH",1342314
"Pickaway, OH",2363456
"Pike, OH",1040169
"Portage, OH",7136856
"Preble, OH",1627719
"Putnam, OH",1657700
"Richland, OH",4699237
"Ross, OH",2839081
"Sandusky, OH",2417134
"Scioto, OH",2910726
"Seneca, OH",2136318
"Shelby, OH",2163969
"Stark, OH",16486711
"Summit, OH",27419179
"Trumbull, OH",8033376
"Tuscarawas, OH",4009032
"Union, OH",3378997
"Van Wert, OH",1187966
"Vinton, OH",439970
"Warren, OH",13979092
"Washington, OH",2581873
"Wayne, OH",5152170
"Williams, OH",1506374
"Wood, OH",6130001
"Wyandot, OH",976155
"Adair, OK",644545
"Alfalfa, OK",225030
"Atoka, OK",439937
"Beaver, OK",282311
"Beckham, OK",833870
"Blaine, OK",394978
"Bryan, OK",1606931
"Caddo, OK",1039589
"Canadian, OK",6615555
"Carter, OK",2070231
"Cherokee, OK",1578982
"Choctaw, OK",455551
"Cimarron, OK",134045
"Cleveland, OK",12627061
"Coal, OK",198530
"Comanche, OK",4963335
"Cotton, OK",234806
"Craig, OK",532817
"Creek, OK",2890674
"Custer, OK",1153994
"Delaware, OK",1393104
"Dewey, OK",224127
"Ellis, OK",203290
"Garfield, OK",2692538
"Garvin, OK",1054531
"Grady, OK",2218962
"Grant, OK",179155
"Greer, OK",166262
"Harmon, OK",99320
"Harper, OK",184152
"Haskell, OK",410106
"Hughes, OK",520380
"Jackson, OK",992925
"Jefferson, OK",198217
"Johnston, OK",405302
"Kay, OK",1753981
"Kingfisher, OK",845457
"Kiowa, OK",300822
"Latimer, OK",346958
"Le Flore, OK",1615395
"Lincoln, OK",1227318
"Logan, OK",2043461
"Love, OK",382438
"McClain, OK",1874952
"McCurtain, OK",1057700
"McIntosh, OK",657046
"Major, OK",336401
"Marshall, OK",553271
"Mayes, OK",1456697
"Murray, OK",594435
"Muskogee, OK",2465892
"Noble, OK",468580
"Nowata, OK",367201
"Okfuskee, OK",349506
"Oklahoma, OK",40101776
"Okmulgee, OK",1279866
"Osage, OK",1643238
"Ottawa, OK",1135742
"Pawnee, OK",587334
"Payne, OK",3009941
"Pittsburg, OK",1674904
"Pontotoc, OK",1632762
"Pottawatomie, OK",2672249
"Pushmataha, OK",353703
"Roger Mills, OK",161919
"Rogers, OK",4278594
"Seminole, OK",817779
"Sequoyah, OK",1357382
"Stephens, OK",1808552
"Texas, OK",1070621
"Tillman, OK",248081
"Tulsa, OK",40213243
"Wagoner, OK",3206802
"Washington, OK",3463743
"Washita, OK",384169
"Woods, OK",390733
"Woodward, OK",768173
"Baker, OR",642948
"Benton, OR",4205820
"Clackamas, OR",24338342
"Clatsop, OR",1770793
"Columbia, OR",2291279
"Coos, OR",2794369
"Crook, OR",981676
"Curry, OR",974091
"Deschutes, OR",10529174
"Douglas, OR",4448323
"Gilliam, OR",95754
"Grant, OR",297022
"Harney, OR",282674
"Hood River, OR",1266193
"Jackson, OR",10016020
"Jefferson, OR",824347
"Josephine, OR",3578986
"Klamath, OR",2685671
"Lake, OR",316378
"Lane, OR",16924089
"Lincoln, OR",2157272
"Linn, OR",5415982
"Malheur, OR",960946
"Marion, OR",14528792
"Morrow, OR",516447
"Multnomah, OR",45948844
"Polk, OR",3461184
"Sherman, OR",94521
"Tillamook, OR",1161366
"Umatilla, OR",3064029
"Union, OR",1062619
"Wallowa, OR",306773
"Wasco, OR",1118363
"Washington, OR",36151811
"Wheeler, OR",49721
"Yamhill, OR",4782268
"Adams, PA",4968932
"Allegheny, PA",75326018
"Armstrong, PA",2888923
"Beaver, PA",7890736
"Bedford, PA",1958553
"Berks, PA",20564574
"Blair, PA",5570818
"Bradford, PA",2435374
"Bucks, PA",45819791
"Butler, PA",10866920
"Cambria, PA",5592595
"Cameron, PA",212286
"Carbon, PA",3284842
"Centre, PA",7393049
"Chester, PA",43738835
"Clarion, PA",1551198
"Clearfield, PA",3595843
"Clinton, PA",1506189
"Columbia, PA",2722046
"Crawford, PA",3403370
"Cumberland, PA",13684824
"Dauphin, PA",14085512
"Delaware, PA",37463163
"Elk, PA",1431183
"Erie, PA",11990733
"Fayette, PA",5416509
"Forest, PA",165452
"Franklin, PA",7114690
"Fulton, PA",635417
"Greene, PA",1554596
"Huntingdon, PA",1692350
"Indiana, PA",3308281
"Jefferson, PA",1888365
"Juniata, PA",1077305
"Lackawanna, PA",9768648
"Lancaster, PA",28078893
"Lawrence, PA",3700277
"Lebanon, PA",6620981
"Lehigh, PA",19009122
"Luzerne, PA",13994292
"Lycoming, PA",4864441
"McKean, PA",1760981
"Mercer, PA",4580438
"Mifflin, PA",1778664
"Monroe, PA",7149916
"Montgomery, PA",64658680
"Montour, PA",1021629
"Northampton, PA",16533357
"Northumberland, PA",3706017
"Perry, PA",2052877
"Philadelphia, PA",85559912
"Pike, PA",2670395
"Potter, PA",718361
"Schuylkill, PA",5873339
"Snyder, PA",1668578
"Somerset, PA",2995575
"Sullivan, PA",274249
"Susquehanna, PA",1768492
"Tioga, PA",1596859
"Union, PA",1779380
"Venango, PA",2107083
"Warren, PA",1623026
"Washington, PA",12758914
"Wayne, PA",2218533
"Westmoreland, PA",17928723
"Wyoming, PA",1198617
"York, PA",22224898
"Bristol, RI",3699399
"Kent, RI",9555770
"Newport, RI",5630997
"Providence, RI",29850622
"Washington, RI",8182142
"Abbeville, SC",816148
"Aiken, SC",7149928
"Allendale, SC",284432
"Anderson, SC",7934276
"Bamberg, SC",472465
"Barnwell, SC",702862
"Beaufort, SC",10582745
"Berkeley, SC",9008073
"Calhoun, SC",569505
"Charleston, SC",24357510
"Cherokee, SC",1851067
"Chester, SC",1070043
"Chesterfield, SC",1423614
"Clarendon, SC",1123915
"Colleton, SC",1332066
"Darlington, SC",2476798
"Dillon, SC",868806
"Dorchester, SC",6246668
"Edgefield, SC",960976
"Fairfield, SC",829479
"Florence, SC",5704983
"Georgetown, SC",2898294
"Greenville, SC",24573446
"Greenwood, SC",2543895
"Hampton, SC",627714
"Horry, SC",12957451
"Jasper, SC",887459
"Kershaw, SC",2695822
"Lancaster, SC",4726997
"Laurens, SC",2318937
"Lee, SC",542213
"Lexington, SC",13384054
"McCormick, SC",360517
"Marion, SC",976437
"Marlboro, SC",839518
"Newberry, SC",1422477
"Oconee, SC",3418070
"Orangeburg, SC",2933761
"Pickens, SC",4783138
"Richland, SC",18456592
"Saluda, SC",689493
"Spartanburg, SC",13299177
"Sumter, SC",4095969
"Union, SC",883958
"Williamsburg, SC",999118
"York, SC",12861202
"Aurora, SD",106088
"Beadle, SD",858790
"Bennett, SD",121809
"Bon Homme, SD",264173
"Brookings, SD",1575513
"Brown, SD",2062647
"Brule, SD",237087
"Buffalo, SD",45729
"Butte, SD",387814
"Campbell, SD",68744
"Charles Mix, SD",357395
"Clark, SD",173700
"Clay, SD",540700
"Codington, SD",1362097
"Corson, SD",110336
"Custer, SD",420274
"Davison, SD",986554
"Day, SD",259911
"Deuel, SD",208002
"Dewey, SD",209289
"Douglas, SD",147891
"Edmunds, SD",212302
"Fall River, SD",304725
"Faulk, SD",119688
"Grant, SD",385142
"Gregory, SD",178761
"Haakon, SD",97824
"Hamlin, SD",265777
"Hand, SD",179087
"Hanson, SD",202444
"Harding, SD",56533
"Hughes, SD",893535
"Hutchinson, SD",358445
"Hyde, SD",62788
"Jackson, SD",88888
"Jerauld, SD",80240
"Jones, SD",46351
"Kingsbury, SD",267841
"Lake, SD",618022
"Lawrence, SD",1295140
"Lincoln, SD",3964098
"Lyman, SD",154200
"McCook, SD",267133
"McPherson, SD",105672
"Marshall, SD",226614
"Meade, SD",1223392
"Mellette, SD",61458
"Miner, SD",101132
"Minnehaha, SD",10980322
"Moody, SD",316210
"Oglala Lakota, SD*",361578
"Pennington, SD",5684599
"Perkins, SD",115451
"Potter, SD",143505
"Roberts, SD",388410
"Sanborn, SD",109472
"Spink, SD",351517
"Stanley, SD",171759
"Sully, SD",100066
"Todd, SD",257267
"Tripp, SD",270359
"Turner, SD",430229
"Union, SD",1722219
"Walworth, SD",246940
"Yankton, SD",1117174
"Ziebach, SD",55135
"Anderson, TN",3167916
"Bedford, TN",1833856
"Benton, TN",538909
"Bledsoe, TN",385942
"Blount, TN",5757372
"Bradley, TN",4172613
"Campbell, TN",1321220
"Cannon, TN",503875
"Carroll, TN",957321
"Carter, TN",1880406
"Cheatham, TN",1782356
"Chester, TN",575609
"Claiborne, TN",1109562
"Clay, TN",241160
"Cocke, TN",1148796
"Coffee, TN",2143693
"Crockett, TN",535989
"Cumberland, TN",2184019
"Davidson, TN",46515528
"Decatur, TN",481157
"DeKalb, TN",797714
"Dickson, TN",2163060
"Dyer, TN",1462147
"Fayette, TN",2209887
"Fentress, TN",595268
"Franklin, TN",1616738
"Gibson, TN",1836322
"Giles, TN",1110449
"Grainger, TN",779223
"Greene, TN",2475678
"Grundy, TN",429390
"Hamblen, TN",2363238
"Hamilton, TN",18620955
"Hancock, TN",174217
"Hardeman, TN",729344
"Hardin, TN",998872
"Hawkins, TN",1932245
"Haywood, TN",558968
"Henderson, TN",993800
"Henry, TN",1294268
"Hickman, TN",821664
"Houston, TN",260978
"Humphreys, TN",694718
"Jackson, TN",363289
"Jefferson, TN",1979498
"Johnson, TN",564091
"Knox, TN",23417810
"Lake, TN",154846
"Lauderdale, TN",769445
"Lawrence, TN",1488815
"Lewis, TN",414463
"Lincoln, TN",1358630
"Loudon, TN",2608014
"McMinn, TN",1917281
"McNairy, TN",834051
"Macon, TN",791424
"Madison, TN",4085670
"Marion, TN",1105927
"Marshall, TN",1271110
"Maury, TN",4010930
"Meigs, TN",408929
"Monroe, TN",1559514
"Montgomery, TN",8607762
"Moore, TN",256645
"Morgan, TN",636694
"Obion, TN",1171829
"Overton, TN",751755
"Perry, TN",275878
"Pickett, TN",205791
"Polk, TN",563137
"Putnam, TN",3078223
"Rhea, TN",1124334
"Roane, TN",2158471
"Robertson, TN",2978999
"Rutherford, TN",13407830
"Scott, TN",664697
"Sequatchie, TN",565106
"Sevier, TN",3925380
"Shelby, TN",45297333
"Smith, TN",763876
"Stewart, TN",547248
"Sullivan, TN",6656250
"Sumner, TN",9131627
"Tipton, TN",2393064
"Trousdale, TN",334808
"Unicoi, TN",637625
"Union, TN",632536
"Van Buren, TN",174745
"Warren, TN",1404040
"Washington, TN",5540752
"Wayne, TN",463731
"Weakley, TN",1157984
"White, TN",878966
"Williamson, TN",21538536
"Wilson, TN",6990706
"Anderson, TX",1994694
"Andrews, TX",918436
"Angelina, TX",3365850
"Aransas, TX",1192905
"Archer, TX",432812
"Armstrong, TX",96315
"Atascosa, TX",1907163
"Austin, TX",1494552
"Bailey, TX",288964
"Bandera, TX",1022182
"Bastrop, TX",3242036
"Baylor, TX",158057
"Bee, TX",933759
"Bell, TX",15194016
"Bexar, TX",91843444
"Blanco, TX",624978
"Borden, TX",44840
"Bosque, TX",761166
"Bowie, TX",3720793
"Brazoria, TX",17474867
"Brazos, TX",9077721
"Brewster, TX",433446
"Briscoe, TX",64014
"Brooks, TX",244516
"Brown, TX",1471233
"Burleson, TX",826543
"Burnet, TX",2303843
"Caldwell, TX",1448952
"Calhoun, TX",952245
"Callahan, TX",561826
"Cameron, TX",12117617
"Camp, TX",496870
"Carson, TX",260598
"Cass, TX",1096492
"Castro, TX",447168
"Chambers, TX",2337348
"Cherokee, TX",1802152
"Childress, TX",214487
"Clay, TX",449225
"Cochran, TX",102091
"Coke, TX",136837
"Coleman, TX",339730
"Collin, TX",67307029
"Collingsworth, TX",108629
"Colorado, TX",978934
"Comal, TX",8949079
"Comanche, TX",542846
"Concho, TX",90447
"Cooke, TX",2061588
"Coryell, TX",2602079
"Cottle, TX",86897
"Crane, TX",233922
"Crockett, TX",148093
"Crosby, TX",199336
"Culberson, TX",117504
"Dallam, TX",415201
"Dallas, TX",158414641
"Dawson, TX",513789
"Deaf Smith, TX",881840
"Delta, TX",201781
"Denton, TX",50079126
"DeWitt, TX",1230015
"Dickens, TX",72174
"Dimmit, TX",381258
"Donley, TX",144268
"Duval, TX",413602
"Eastland, TX",1348284
"Ector, TX",7942585
"Edwards, TX",78821
"Ellis, TX",8106475
"El Paso, TX",30237346
"Erath, TX",1657047
"Falls, TX",601560
"Fannin, TX",1346843
"Fayette, TX",1350580
"Fisher, TX",184436
"Floyd, TX",220526
"Foard, TX",55296
"Fort Bend, TX",46624087
"Franklin, TX",431115
"Freestone, TX",738158
"Frio, TX",586367
"Gaines, TX",832834
"Galveston, TX",17935456
"Garza, TX",192913
"Gillespie, TX",1670213
"Glasscock, TX",128018
"Goliad, TX",340757
"Gonzales, TX",947485
"Gray, TX",922305
"Grayson, TX",5720450
"Gregg, TX",5632561
"Grimes, TX",1003757
"Guadalupe, TX",7466386
"Hale, TX",1110367
"Hall, TX",94706
"Hamilton, TX",502105
"Hansford, TX",320308
"Hardeman, TX",166124
"Hardin, TX",2647879
"Harris, TX",269235715
"Harrison, TX",2788000
"Hartley, TX",347739
"Haskell, TX",214612
"Hays, TX",10074204
"Hemphill, TX",224204
"Henderson, TX",3205337
"Hidalgo, TX",23024927
"Hill, TX",1455257
"Hockley, TX",937671
"Hood, TX",3050930
"Hopkins, TX",1468558
"Houston, TX",892409
"Howard, TX",1572634
"Hudspeth, TX",105770
"Hunt, TX",3730212
"Hutchinson, TX",880963
"Irion, TX",111318
"Jack, TX",388294
"Jackson, TX",627795
"Jasper, TX",1427147
"Jeff Davis, TX",95452
"Jefferson, TX",10850184
"Jim Hogg, TX",164575
"Jim Wells, TX",1637166
"Johnson, TX",7380603
"Jones, TX",613283
"Karnes, TX",925362
"Kaufman, TX",5599929
"Kendall, TX",3697009
"Kenedy, TX",15190
"Kent, TX",38474
"Kerr, TX",2671808
"Kimble, TX",190938
"King, TX",23436
"Kinney, TX",114726
"Kleberg, TX",1208106
"Knox, TX",142510
"Lamar, TX",2032999
"Lamb, TX",533639
"Lampasas, TX",1064093
"La Salle, TX",298136
"Lavaca, TX",1066128
"Lee, TX",824471
"Leon, TX",687925
"Liberty, TX",3221861
"Limestone, TX",856844
"Lipscomb, TX",242256
"Live Oak, TX",439876
"Llano, TX",1051391
"Loving, TX",8347
"Lubbock, TX",13211903
"Lynn, TX",236024
"McCulloch, TX",313878
"McLennan, TX",10494538
"McMullen, TX",51532
"Madison, TX",440291
"Marion, TX",386913
"Martin, TX",377906
"Mason, TX",196443
"Matagorda, TX",1565108
"Maverick, TX",1777803
"Medina, TX",2056629
"Menard, TX",77884
"Midland, TX",22042622
"Milam, TX",888234
"Mills, TX",188989
"Mitchell, TX",289047
"Montague, TX",811235
"Montgomery, TX",36911402
"Moore, TX",924716
"Morris, TX",499951
"Motley, TX",36768
"Nacogdoches, TX",2472507
"Navarro, TX",1911249
"Newton, TX",460199
"Nolan, TX",647260
"Nueces, TX",15559707
"Ochiltree, TX",563285
"Oldham, TX",107402
"Orange, TX",3734138
"Palo Pinto, TX",1166864
"Panola, TX",1064183
"Parker, TX",7571421
"Parmer, TX",444593
"Pecos, TX",594472
"Polk, TX",1990079
"Potter, TX",5185153
"Presidio, TX",307388
"Rains, TX",416891
"Randall, TX",6546675
"Reagan, TX",202022
"Real, TX",121974
"Red River, TX",496844
"Reeves, TX",670766
"Refugio, TX",310605
"Roberts, TX",42496
"Robertson, TX",716606
"Rockwall, TX",6141207
"Runnels, TX",402337
"Rusk, TX",2019611
"Sabine, TX",374081
"San Augustine, TX",327750
"San Jacinto, TX",1016959
"San Patricio, TX",2988451
"San Saba, TX",246978
"Schleicher, TX",117143
"Scurry, TX",720724
"Shackelford, TX",346638
"Shelby, TX",1068851
"Sherman, TX",232449
"Smith, TX",12617393
"Somervell, TX",410645
"Starr, TX",1721307
"Stephens, TX",385649
"Sterling, TX",81514
"Stonewall, TX",85486
"Sutton, TX",237803
"Swisher, TX",387843
"Tarrant, TX",107327452
"Taylor, TX",6268962
"Terrell, TX",36733
"Terry, TX",429608
"Throckmorton, TX",57145
"Titus, TX",1171837
"Tom Green, TX",5694567
"Travis, TX",85814637
"Trinity, TX",519177
"Tyler, TX",686216
"Upshur, TX",1532104
"Upton, TX",162365
"Uvalde, TX",1066040
"Val Verde, TX",1769225
"Van Zandt, TX",2158907
"Victoria, TX",4349694
"Walker, TX",2110937
"Waller, TX",2211610
"Ward, TX",581493
"Washington, TX",1922420
"Webb, TX",8672165
"Wharton, TX",1794611
"Wheeler, TX",222890
"Wichita, TX",5591812
"Wilbarger, TX",578319
"Willacy, TX",573204
"Williamson, TX",29255223
"Wilson, TX",2301802
"Winkler, TX",481563
"Wise, TX",2992633
"Wood, TX",1751739
"Yoakum, TX",361076
"Young, TX",903433
"Zapata, TX",405070
"Zavala, TX",342337
"Beaver, UT",233702
"Box Elder, UT",2073057
"Cache, UT",5086171
"Carbon, UT",772676
"Daggett, UT",41776
"Davis, UT",15995123
"Duchesne, UT",708650
"Emery, UT",331238
"Garfield, UT",185165
"Grand, UT",536164
"Iron, UT",1701820
"Juab, UT",441722
"Kane, UT",307450
"Millard, UT",460144
"Morgan, UT",627807
"Piute, UT",62399
"Rich, UT",89621
"Salt Lake, UT",59170626
"San Juan, UT",396991
"Sanpete, UT",884123
"Sevier, UT",744256
"Summit, UT",5837167
"Tooele, UT",2571132
"Uintah, UT",1093573
"Utah, UT",25123694
"Wasatch, UT",1839213
"Washington, UT",6805916
"Wayne, UT",104901
"Weber, UT",10419225
"Addison, VT",1853991
"Bennington, VT",1877394
"Caledonia, VT",1229318
"Chittenden, VT",9723782
"Essex, VT",228639
"Franklin, VT",2275155
"Grand Isle, VT",412425
"Lamoille, VT",1332665
"Orange, VT",1351751
"Orleans, VT",1163458
"Rutland, VT",2976110
"Washington, VT",3421481
"Windham, VT",2122543
"Windsor, VT",3148362
"Accomack, VA",1505510
"Amelia, VA",547922
"Amherst, VA",1155820
"Appomattox, VA",601780
"Arlington, VA",22229262
"Bath, VA",260360
"Bedford, VA*",3609168
"Bland, VA",225584
"Botetourt, VA",1651748
"Brunswick, VA",511574
"Buchanan, VA",736610
"Buckingham, VA",497855
"Caroline, VA",1286366
"Charles City, VA",315019
"Charlotte, VA",408929
"Chesterfield, VA",18477895
"Clarke, VA",921407
"Craig, VA",192705
"Culpeper, VA",2376771
"Cumberland, VA",359511
"Dickenson, VA",457210
"Essex, VA",446425
"Fauquier, VA",4877137
"Floyd, VA",601731
"Fluvanna, VA",1197467
"Franklin, VA",2254607
"Giles, VA",654635
"Gloucester, VA",1806724
"Goochland, VA",2300086
"Grayson, VA",484736
"Greene, VA",881948
"Halifax, VA",1205514
"Hanover, VA",6334056
"Henrico, VA",21170015
"Highland, VA",93011
"Isle of Wight, VA",1998903
"King and Queen, VA",297940
"King George, VA",1386157
"King William, VA",779805
"Lancaster, VA",610645
"Lee, VA",679591
"Loudoun, VA",31913668
"Louisa, VA",1577880
"Lunenburg, VA",388583
"Madison, VA",609240
"Mathews, VA",474468
"Mecklenburg, VA",1101939
"Middlesex, VA",532756
"Nelson, VA",734145
"New Kent, VA",1627716
"Northampton, VA",624885
"Northumberland, VA",611033
"Nottoway, VA",515855
"Orange, VA",1781841
"Page, VA",896770
"Patrick, VA",577672
"Powhatan, VA",1651368
"Prince Edward, VA",693771
"Pulaski, VA",1335474
"Rappahannock, VA",475576
"Richmond, VA",330227
"Russell, VA",870092
"Scott, VA",705689
"Shenandoah, VA",1908565
"Smyth, VA",1087032
"Stafford, VA",8167784
"Surry, VA",282118
"Sussex, VA",337216
"Tazewell, VA",1504679
"Warren, VA",1813639
"Westmoreland, VA",765162
"Wythe, VA",982512
"Alexandria (Independent City), VA",13725025
"Chesapeake (Independent City), VA",11819300
"Hampton (Independent City), VA",5523392
"Newport News (Independent City), VA",7164054
"Norfolk (Independent City), VA",9196448
"Portsmouth (Independent City), VA",3702368
"Richmond (Independent City), VA",11953536
"Roanoke (Independent City), VA",4109693
"Suffolk (Independent City), VA",4578484
"Virginia Beach (Independent City), VA",24944147
"Albemarle + Charlottesville, VA*",11400332
"Alleghany + Covington, VA*",800077
"Augusta, Staunton + Waynesboro, VA*",5272600
"Campbell + Lynchburg, VA*",4982526
"Carroll + Galax, VA*",1256542
"Dinwiddie, Colonial Heights + Petersburg, VA*",2973876
"Fairfax, Fairfax City + Falls Church, VA*",97242394
"Frederick + Winchester, VA*",5772248
"Greensville + Emporia, VA*",520084
"Henry + Martinsville, VA*",2398528
"James City + Williamsburg, VA*",5697923
"Montgomery + Radford, VA*",4248021
"Pittsylvania + Danville, VA*",3732360
"Prince George + Hopewell, VA*",2227320
"Prince William, Manassas + Manassas Park, VA*",28565133
"Roanoke + Salem, VA*",6022195
"Rockbridge, Buena Vista + Lexington, VA*",1410829
"Rockingham + Harrisonburg, VA*",5287036
"Southampton + Franklin, VA*",1046879
"Spotsylvania + Fredericksburg, VA*",8203932
"Washington + Bristol, VA*",2766010
"Wise + Norton, VA*",1318012
"York + Poquoson, VA*",4635813
"Adams, WA",748040
"Asotin, WA",1005116
"Benton, WA",9185650
"Chelan, WA",4011832
"Clallam, WA",3426025
"Clark, WA",25537617
"Columbia, WA",181553
"Cowlitz, WA",4689148
"Douglas, WA",1668690
"Ferry, WA",264623
"Franklin, WA",3427860
"Garfield, WA",100173
"Grant, WA",3608991
"Grays Harbor, WA",2872877
"Island, WA",4484773
"Jefferson, WA",1630897
"King, WA",195612556
"Kitsap, WA",14671540
"Kittitas, WA",1902966
"Klickitat, WA",1042117
"Lewis, WA",3327251
"Lincoln, WA",449704
"Mason, WA",2671390
"Okanogan, WA",1684895
"Pacific, WA",881420
"Pend Oreille, WA",554263
"Pierce, WA",44407824
"San Juan, WA",1306398
"Skagit, WA",6436934
"Skamania, WA",530569
"Snohomish, WA",44619404
"Spokane, WA",23089080
"Stevens, WA",1711328
"Thurston, WA",14052605
"Wahkiakum, WA",183340
"Walla Walla, WA",2681609
"Whatcom, WA",10698779
"Whitman, WA",1927821
"Yakima, WA",10321507
"Barbour, WV",533908
"Berkeley, WV",4909941
"Boone, WV",778236
"Braxton, WV",445287
"Brooke, WV",927863
"Cabell, WV",3963412
"Calhoun, WV",216435
"Clay, WV",271669
"Doddridge, WV",251445
"Fayette, WV",1489020
"Gilmer, WV",225278
"Grant, WV",411256
"Greenbrier, WV",1302387
"Hampshire, WV",838619
"Hancock, WV",1225574
"Hardy, WV",467977
"Harrison, WV",3275435
"Jackson, WV",1097887
"Jefferson, WV",2864701
"Kanawha, WV",8645070
"Lewis, WV",650699
"Lincoln, WV",648069
"Logan, WV",1203380
"McDowell, WV",551852
"Marion, WV",2364203
"Marshall, WV",1295284
"Mason, WV",896842
"Mercer, WV",2225515
"Mineral, WV",1103110
"Mingo, WV",770783
"Monongalia, WV",4831139
"Monroe, WV",408776
"Morgan, WV",629524
"Nicholas, WV",837243
"Ohio, WV",2622544
"Pendleton, WV",250629
"Pleasants, WV",330969
"Pocahontas, WV",318630
"Preston, WV",1237303
"Putnam, WV",2652881
"Raleigh, WV",3051745
"Randolph, WV",1057857
"Ritchie, WV",368119
"Roane, WV",493902
"Summers, WV",421960
"Taylor, WV",687492
"Tucker, WV",291453
"Tyler, WV",331426
"Upshur, WV",810958
"Wayne, WV",1351464
"Webster, WV",233044
"Wetzel, WV",563869
"Wirt, WV",188638
"Wood, WV",3771718
"Wyoming, WV",640580
"Adams, WI",801775
"Ashland, WI",622570
"Barron, WI",2210223
"Bayfield, WI",731666
"Brown, WI",13730925
"Buffalo, WI",598624
"Burnett, WI",670476
"Calumet, WI",2549049
"Chippewa, WI",2935056
"Clark, WI",1449033
"Columbia, WI",2896854
"Crawford, WI",674103
"Dane, WI",32956512
"Dodge, WI",3865760
"Door, WI",1722997
"Douglas, WI",1847113
"Dunn, WI",1801016
"Eau Claire, WI",4978186
"Florence, WI",225410
"Fond du Lac, WI",4930665
"Forest, WI",372388
"Grant, WI",2239142
"Green, WI",1859650
"Green Lake, WI",832669
"Iowa, WI",1124128
"Iron, WI",277991
"Jackson, WI",941108
"Jefferson, WI",3866679
"Juneau, WI",1015629
"Kenosha, WI",7918595
"Kewaunee, WI",951622
"La Crosse, WI",5834271
"Lafayette, WI",703609
"Langlade, WI",828537
"Lincoln, WI",1264953
"Manitowoc, WI",3672586
"Marathon, WI",6781463
"Marinette, WI",1828249
"Marquette, WI",629373
"Menominee, WI*",138774
"Milwaukee, WI",44055784
"Monroe, WI",1899536
"Oconto, WI",1738904
"Oneida, WI",1800848
"Outagamie, WI",9475892
"Ozaukee, WI",7324531
"Pepin, WI",351355
"Pierce, WI",1931977
"Polk, WI",2017071
"Portage, WI",3212032
"Price, WI",609322
"Racine, WI",9599959
"Richland, WI",745770
"Rock, WI",7085148
"Rusk, WI",623081
"St. Croix, WI",5006556
"Sauk, WI",3124532
"Sawyer, WI",739335
"Shawano, WI*",1714113
"Sheboygan, WI",6005261
"Taylor, WI",799468
"Trempealeau, WI",1309632
"Vernon, WI",1250595
"Vilas, WI",1180268
"Walworth, WI",5097625
"Washburn, WI",748988
"Washington, WI",7848495
"Waukesha, WI",28686357
"Waupaca, WI",2308520
"Waushara, WI",984479
"Winnebago, WI",8088702
"Wood, WI",3353239
"Shawano (includes Menominee), WI*",(NA)
"Albany, WY",1576682
"Big Horn, WY",456359
"Campbell, WY",2456278
"Carbon, WY",833799
"Converse, WY",764410
"Crook, WY",343853
"Fremont, WY",1785680
"Goshen, WY",552439
"Hot Springs, WY",234597
"Johnson, WY",451642
"Laramie, WY",5158900
"Lincoln, WY",833344
"Natrona, WY",5305323
"Niobrara, WY",119415
"Park, WY",1655546
"Platte, WY",422286
"Sheridan, WY",1734035
"Sublette, WY",536984
"Sweetwater, WY",2342826
"Teton, WY",4966434
"Uinta, WY",812614
"Washakie, WY",371514
"Weston, WY",310231
